{"cameraMode":{"drawMode":0,"name":"Shaded","section":"Shading Mode"},"sceneLighting":true,"audioPlay":false,"sceneViewState":{"m_AlwaysRefresh":false,"showFog":true,"showSkybox":true,"showFlares":true,"showImageEffects":true,"showParticleSystems":true,"showVisualEffectGraphs":true,"m_FxEnabled":true},"in2DMode":false,"pivot":{"x":4.4375104904174809,"y":-3.8298521041870119,"z":15.153834342956543},"rotation":{"x":0.4474073052406311,"y":-0.0802995041012764,"z":0.04037558659911156,"w":0.8898028135299683},"size":10.642485618591309,"orthographic":false}